Q_liq,psi,temp,gor,wcut,ID,TVD,fbhp
1635,87.11,100,1.319,0.558409786,6.094,9638,2745.59
1904,112.87,100,1.376,0.508403361,6.094,9684,2564.15
1409,136.81,100,1.567,0.470546487,6.094,9592,2287.12
4420,147.82,378,2.15,0.941176471,6.094,9892,6937.759
6863,173.62,381,1.532,0.866822089,6.094,9892,6563.88
5835,176.16,379,2.244,0.925449871,6.094,9892,6811.872
1960,180.61,100,1.4,0.583673469,6.094,10081,2632.19
1929,182.87,158,1.35,0.471747019,6.094,9937,2501.97
2696,198.28,239,1.808,0.810459941,6.094,10282,3014.817
1446,201.12,100,1.534,0.470262794,6.094,9592,2298.33
3915,202.83,100,1.46,0.887356322,6.094,10300,3969.75
4181,204.94,100,1.471,0.89547955,6.094,10300,4015.74
3123,204.99,363,1.476,0.689081012,6.094,9972,3143.28
3524,206.47,100,1.623,0.893870602,6.094,10300,3981.38
1743,206.66,100,1.33,0.441767068,6.094,9592,2303.65
3909,206.97,100,1.494,0.89434638,6.094,10300,3984.32
9140,207.18,100,1.491,0.952954048,6.094,10300,3979.4
6560,207.75,380,2.031,0.912347561,6.094,9892,6673.391
2881,208.22,238,1.847,0.807358556,6.094,10282,3062.053
4236,210.71,100,1.523,0.896600567,6.094,10300,3994.24
3730,212.38,100,1.637,0.895978552,6.094,10300,4020.92
3266,212.91,362,1.497,0.703919167,6.094,9972,3195.97
4445,213.13,100,1.465,0.896512936,6.094,10300,3989.47
1837,213.15,100,1.305,0.444202504,6.094,9592,2308.05
4422,215.25,100,1.54,0.896653098,6.094,10300,3991.31
7882,216.03,382,1.638,0.827074347,6.094,9892,6415.725
5079,238.18,100,1.516,0.896633196,6.094,10300,4044.64
1919,239.11,100,1.379,0.512767066,6.094,9684,2574.82
2042,239.35,100,1.326,0.460822723,6.094,9592,2373.97
5191,241.98,100,1.518,0.896937006,6.094,10300,4046.93
1738,242.57,100,1.349,0.570771001,6.094,9638,2886.89
1668,243.49,100,1.38,0.565947242,6.094,9638,2825.3
2222,244.56,100,1.299,0.46849685,6.094,9592,2400.04
5242,244.57,100,1.527,0.896795116,6.094,10300,4055.32
1980,244.86,100,1.43,0.515151515,6.094,9684,2599.34
2597,247.29,216,1.45,0.542164035,6.094,9897,2444.71
2491,248.15,217,1.52,0.55479727,6.094,9897,2425.87
1728,248.83,100,1.364,0.565393519,6.094,9638,2831.3
5386,248.91,100,1.488,0.896955069,6.094,10300,4067.37
2060,250.49,100,1.376,0.519902913,6.094,9684,2611.88
2655,250.6,215,1.458,0.546516008,6.094,9897,2454.96
1834,251.07,100,1.465,0.581788441,6.094,10081,2741.35
1716,251.95,100,1.294,0.560606061,6.094,9638,2863.49
1902,252.11,100,1.44,0.587802313,6.094,10081,2759.59
2869.2,252.94,100,3.012,0.75142897,6.094,9510,1731.94
5489,253.37,100,1.5,0.896884678,6.094,10300,4080.01
2177,255.7,100,1.294,0.476343592,6.094,9592,2417.71
2601,255.84,214,1.574,0.552479815,6.094,9897,2468.58
2132,255.91,100,1.391,0.528142589,6.094,9684,2619.21
1933,257.01,100,1.408,0.583031557,6.094,10081,2761.9
2274,257.05,218,1.651,0.545734389,6.094,9897,2729.03
5606,257.36,100,1.556,0.897609704,6.094,10300,4092.4
1669,257.8,100,1.449,0.569203116,6.094,9638,2891.41
2898.3,258.12,100,3.082,0.751613015,6.094,9510,1744.5
2713,258.88,213,1.554,0.558791006,6.094,9897,2466.06
3349,259,235,1.72,0.80262765,6.094,10282,3275.633
5665,261.2,100,1.545,0.897087379,6.094,10300,4104.37
1940,261.87,100,1.412,0.577319588,6.094,10081,2772.76
2233,263.02,100,1.365,0.532467532,6.094,9684,2632.4
1784,263.16,100,1.386,0.570067265,6.094,9638,2897.82
2733,264.22,212,1.576,0.551774607,6.094,9897,2489.75
2980,264.43,100,2.994,0.748120805,6.094,9510,1756.33
5681,265.81,100,1.561,0.897377222,6.094,10300,4112.79
1997,266.27,100,1.437,0.591887832,6.094,10081,2785.76
2018,266.52,100,1.394,0.490089197,6.094,9592,2508.21
2287,267.75,100,1.383,0.533449934,6.094,9684,2643.53
3095,268.02,364,1.375,0.672051696,6.094,9972,3108.96
2775,269.16,211,1.658,0.548828829,6.094,9897,2492.72
2010,269.74,100,1.44,0.586069652,6.094,10081,2787.19
2181,270.14,100,1.326,0.49656121,6.094,9592,2525.78
3001.3,270.28,100,3.037,0.745610236,6.094,9510,1768.49
6031,272.09,100,1.487,0.895539711,6.094,10300,4130.92
1882,272.14,100,1.361,0.570138151,6.094,9638,2896.82
1960,272.62,157,1.327,0.459183673,6.094,9937,2511.59
2068,274.87,100,1.432,0.595261122,6.094,10081,2812.6
3462,274.98,357,1.309,0.657712305,6.094,9972,3570.03
3500,275.3,358,1.281,0.652571429,6.094,9972,3539.19
2263,275.73,100,1.308,0.501104728,6.094,9592,2544.7
2359,276.23,100,1.366,0.527766003,6.094,9684,2657.96
5927,276.91,100,1.596,0.898430909,6.094,10300,4143.73
1912,277.47,156,1.444,0.472803347,6.094,9937,2518.74
3148.2,278.26,100,3.039,0.750937043,6.094,9510,1783.15
2955,279.33,210,1.353,0.549915398,6.094,9897,2500.09
2097,279.51,100,1.437,0.595135908,6.094,10081,2811.6
1950,279.63,100,1.363,0.573846154,6.094,9638,2898.69
1953,279.84,155,1.431,0.470046083,6.094,9937,2517.27
3452,280.15,234,1.327,0.799536501,6.094,10282,3362.787
3592,280.9,356,1.4,0.674276169,6.094,9972,3606.95
2345,281.58,100,1.291,0.504904051,6.094,9592,2564.98
6526,283.18,100,1.424,0.898712841,6.094,10300,4160.46
1994,284.85,154,1.438,0.467402207,6.094,9937,2533.3
2105,285.21,100,1.45,0.593824228,6.094,10081,2819.92
2532,285.5,100,1.34,0.535150079,6.094,9684,2674.58
3157.5,286.78,100,3.076,0.750783848,6.094,9510,1816.36
2288,287.19,100,1.305,0.498251748,6.094,9592,2587.39
3681,287.94,355,1.334,0.657430046,6.094,9972,3637.31
1914,288.48,100,1.408,0.572100313,6.094,9638,2902.7
2037,289.45,153,1.448,0.474717722,6.094,9937,2538.33
2227,290.47,100,1.421,0.599012124,6.094,10081,2834.32
6250,290.91,100,1.514,0.89792,6.094,10300,4176.53
2465,292.51,100,1.286,0.514807302,6.094,9592,2607.66
3272.5,292.89,100,3.189,0.819129106,6.094,9487,2259.57
2659,295.29,100,1.323,0.535539677,6.094,9684,2698.05
3234.5,295.49,100,3.084,0.750502396,6.094,9510,1822.29
3967,295.99,354,1.24,0.663221578,6.094,9972,3697.85
2522,298,100,1.253,0.516256939,6.094,9592,2632.12
2079,298.06,152,1.383,0.470899471,6.094,9937,2560.8
3335.1,298.21,100,3.234,0.822164253,6.094,9487,2284.65
2117,298.23,100,1.361,0.577231932,6.094,9638,2901.48
4026,298.37,233,1.312,0.807252856,6.094,10282,3421.668
2273,299.12,100,1.274,0.575450946,6.094,10081,2845.94
2204,299.71,100,1.413,0.579854809,6.094,10081,2860.89
6550,301.95,100,1.493,0.897862595,6.094,10300,4194.74
2554,303.17,100,1.286,0.524667189,6.094,9592,2651.36
3242.8,303.52,100,3.198,0.751449365,6.094,9510,1846.04
3447.3,304.45,100,3.139,0.821454472,6.094,9487,2311.03
2343,304.73,100,1.352,0.580452411,6.094,10081,2871.27
9351,304.92,383,1.299,0.764944926,6.094,9892,6246.104
3729,306.24,353,1.554,0.688924645,6.094,9972,3737.12
2776,308.37,100,1.328,0.542146974,6.094,9684,2724.8
2630,309.02,209,1.526,0.548288973,6.094,9897,2652.88
2636,309.64,100,1.326,0.536798179,6.094,9592,2672.51
3446.9,310.07,100,3.233,0.82268125,6.094,9487,2338.36
2443,311.38,100,1.322,0.579615227,6.094,10081,2887.3
2199,311.9,100,1.338,0.573442474,6.094,9638,2911.54
2077,313.08,151,1.441,0.48675975,6.094,9937,2623.7
6710,313.21,100,1.501,0.899254844,6.094,10300,4223.23
3500.2,314.72,100,3.045,0.745957374,6.094,9510,1852.49
4051,316.08,352,1.385,0.676623056,6.094,9972,3820.57
3631.9,317.26,100,3.13,0.822764944,6.094,9487,2367.39
2699,317.64,208,1.513,0.547980734,6.094,9897,2662.64
2691,318.28,100,1.278,0.530657748,6.094,9592,2699.78
2830,318.67,100,1.365,0.549823322,6.094,9684,2766.7
2517,320.77,100,1.335,0.586412396,6.094,10081,2899.52
4401,321.21,232,1.268,0.801635992,6.094,10282,3522.507
8318,321.82,100,1.412,0.901298389,6.094,10300,4245.86
2857,323.91,207,1.422,0.541827091,6.094,9897,2676.15
4329,323.99,351,1.338,0.667359667,6.094,9972,3851.37
2254,324.18,100,1.374,0.577639752,6.094,9638,2919.45
3652.1,325.33,100,3.15,0.823088086,6.094,9487,2405.71
2031,325.37,150,1.541,0.499261448,6.094,9937,2638.37
2618,329.1,100,1.361,0.524446142,6.094,9592,2738.76
2376,329.5,100,1.449,0.595117845,6.094,10081,2922.3
2722,329.82,206,1.515,0.547024247,6.094,9897,2689.7
8426,331.29,100,1.4,0.901851412,6.094,10300,4264.13
2193,331.49,149,1.436,0.494300046,6.094,9937,2654.14
3738.6,333.25,100,3.15,0.823302841,6.094,9487,2432.58
2562,334.13,100,1.386,0.597189696,6.094,10081,2938.91
2845,334.87,100,1.318,0.53427065,6.094,9592,2753.16
2574,335.06,100,1.406,0.556721057,6.094,9684,2864.72
2883,335.5,205,1.435,0.548387097,6.094,9897,2708.05
3499.2,336.71,100,3.348,0.745313214,6.094,9510,1880.32
3010,338.02,203,1.493,0.535548173,6.094,9897,2686.85
2173,338.37,148,1.472,0.49792913,6.094,9937,2668.28
2898,340.68,204,1.519,0.547619048,6.094,9897,2709.95
3774.2,341.62,100,3.238,0.824439616,6.094,9487,2472.04
8507,342.35,100,1.39,0.90243329,6.094,10300,4289.4
2918,342.57,100,1.337,0.543865661,6.094,9592,2781.62
2524,343.41,100,1.451,0.603011094,6.094,9684,2930.05
2610,343.86,100,1.371,0.597701149,6.094,10081,2973.46
2258,345.92,147,1.448,0.508857396,6.094,9937,2689.21
2240,347.7,100,1.385,0.579464286,6.094,9638,2974.95
3301,349.48,202,1.364,0.53650409,6.094,9897,2707.98
2429,350.33,100,1.479,0.622066694,6.094,9684,2940.65
2659,352.39,100,1.386,0.59759308,6.094,10081,2993.51
4079.9,352.85,100,3.05,0.823549597,6.094,9487,2517.05
2282,352.98,146,1.506,0.514899211,6.094,9937,2702.41
7197,353.21,384,1.467,0.747672641,6.094,9892,6199.85
3082,353.66,100,1.276,0.545100584,6.094,9592,2815.22
8512,354.29,100,1.4,0.902608083,6.094,10300,4311.83
3313,358.82,201,1.442,0.541503169,6.094,9897,2726.2
5041,359.37,231,2.783,0.809363222,6.094,10282,3653.032
2103,359.38,145,1.477,0.482168331,6.094,9937,2787.68
2631,364.03,100,1.438,0.593690612,6.094,9684,2928.72
3290,364.39,200,1.513,0.549240122,6.094,9897,2748.22
2412,366.85,100,1.343,0.588723051,6.094,9638,2980.34
4194.7,366.95,100,3.049,0.819605693,6.094,9487,2570.17
8520,367.68,100,1.404,0.903286385,6.094,10300,4343.21
3235,368.83,100,1.235,0.547449768,6.094,9592,2856.69
2540,374.75,100,1.4,0.598425197,6.094,10081,3076
2634,375.62,100,1.46,0.589977221,6.094,9684,2942.08
2708,383.11,100,1.466,0.594903988,6.094,9684,2962.28
3528,383.99,198,1.503,0.560657596,6.094,9897,2795.88
8502,384.72,100,1.409,0.903434486,6.094,10300,4364.02
2370,387.9,100,1.473,0.573839662,6.094,9638,3013.71
2115,388.71,144,1.323,0.425531915,6.094,9937,2804.08
2605,391.66,100,1.359,0.598848369,6.094,10081,3095.8
2787,392.02,100,1.444,0.596340151,6.094,9684,2984.54
3620,393.37,197,1.47,0.556077348,6.094,9897,2824.27
2982,395.14,100,1.292,0.550301811,6.094,9592,2952.8
3197.5,395.46,100,3.028,0.74870993,6.094,9510,2144.79
2100,397.71,143,1.393,0.426190476,6.094,9937,2825.08
2823,400.12,100,1.448,0.59582005,6.094,9684,3003.18
2095,401.74,142,1.498,0.455369928,6.094,9937,2845.22
3612,402.71,196,1.504,0.555647841,6.094,9897,2856.86
2598,404.73,100,1.415,0.598152425,6.094,10081,3127.58
2227,406.63,100,1.367,0.497081275,6.094,9638,3010.01
2725,408.37,100,1.395,0.601100917,6.094,10081,3142.48
3503.9,409.46,100,3.058,0.814520962,6.094,9487,2741.23
2106,410.24,141,1.518,0.456790123,6.094,9937,2864.04
2869,410.4,100,1.466,0.599163472,6.094,9684,3025.48
3781,413.26,195,1.456,0.558582386,6.094,9897,2884.97
3202,413.35,100,1.237,0.554965646,6.094,9592,2985.57
8517,415.28,100,1.4,0.903134907,6.094,10300,4396.16
6048,416,230,1.322,0.813492063,6.094,10282,3825.62
3018,418.39,100,1.414,0.60139165,6.094,9684,3057.79
2188,418.41,140,1.501,0.461151737,6.094,9937,2884.24
2939,421.94,100,1.412,0.630826812,6.094,10081,3192
3202,422.86,100,1.282,0.55777639,6.094,9592,3028.32
3916,424.55,194,1.445,0.557456588,6.094,9897,2915.81
3551.3,425.56,100,2.954,0.76084814,6.094,9510,2163.57
2271,427.73,139,1.673,0.528401585,6.094,9937,2907.75
3077,427.83,100,1.373,0.597660058,6.094,9684,3077.29
3366,430.31,100,1.226,0.562091503,6.094,9592,3060.77
2912,431.43,100,1.334,0.605082418,6.094,10081,3223.29
4483,434.4,100,2.919,0.749498104,6.094,9510,2539.48
3283.8,435.08,100,4.122,0.809062671,6.094,9510,2193.46
4036,435.46,193,1.53,0.577799802,6.094,9897,2946.41
2260,437.19,138,1.541,0.476548673,6.094,9937,2932.22
3896.4,437.88,100,2.828,0.816060979,6.094,9487,2767.44
8788,440.14,100,1.428,0.904870278,6.094,10300,4462.66
2665,441.62,100,1.387,0.580863039,6.094,9638,3024.75
2856,442.44,100,1.546,0.603991597,6.094,9684,3126.31
3528.7,444.74,100,3.374,0.778473659,6.094,9510,2216.91
2835,444.94,100,1.406,0.605291005,6.094,10081,3251.92
2785,445.48,100,1.409,0.589587074,6.094,9638,3048.11
3820.1,446.03,100,3.001,0.818015235,6.094,9487,2796.22
2348,446.44,137,1.477,0.47274276,6.094,9937,2958.18
4230,448.44,192,1.501,0.588416076,6.094,9897,2983.24
3600,449.09,100,1.226,0.570833333,6.094,9592,3093.57
3660.4,454.23,100,3.023,0.756420063,6.094,9510,2245.8
3940.3,454.96,100,2.951,0.817704236,6.094,9487,2827.76
3011,456.11,100,1.343,0.604450349,6.094,10081,3279.43
3051,456.81,100,1.483,0.60603081,6.094,9684,3152.48
2437,456.96,136,1.489,0.482560525,6.094,9937,2990.85
2920,457.05,100,1.339,0.58630137,6.094,9638,3046.34
4353,462.62,191,1.4,0.564208592,6.094,9897,3022.62
9179,463.83,100,1.424,0.903148491,6.094,10300,4493.89
3617.3,464.98,100,3.169,0.759129738,6.094,9510,2275.92
3945.5,465.07,100,3.033,0.818578127,6.094,9487,2859.96
3017,465.74,100,1.394,0.606562811,6.094,10081,3310.74
2419,467.23,135,1.576,0.489458454,6.094,9937,3015.6
3151,468.67,100,1.472,0.607743573,6.094,9684,3178.9
3476,468.69,100,1.324,0.569044879,6.094,9592,3128.27
3929.3,474.46,100,3.126,0.819255338,6.094,9487,2893.55
3146,476.29,100,1.3,0.606166561,6.094,10081,3343.64
3881.5,476.87,100,3.066,0.757181502,6.094,9510,2314.1
2509,478.56,134,1.54,0.497807892,6.094,9937,3045.48
9517,478.7,100,1.426,0.904066407,6.094,10300,4523.94
4446,479.75,190,1.565,0.573774179,6.094,9897,3070.1
3255,480.98,100,1.463,0.60952381,6.094,9684,3206.02
3687,483.48,100,1.293,0.574993219,6.094,9592,3166.56
4242.7,484.64,100,2.953,0.819525302,6.094,9487,2929.08
3316,487.71,100,1.286,0.605548854,6.094,10081,3385.17
3654.2,487.85,100,3.313,0.808713261,6.094,9900,2837.16
3918.2,489.74,100,3.076,0.754683273,6.094,9510,2355.96
2724,490.75,133,1.403,0.483480176,6.094,9937,3079.98
2781,491.02,100,1.378,0.586120101,6.094,9638,3167.07
3159,493.49,100,1.52,0.606837607,6.094,9684,3234.6
4614,494.75,189,1.443,0.576506285,6.094,9897,3109.84
3630.1,495.62,100,3.359,0.807057657,6.094,9900,2860.5
4286.8,496.2,100,3.043,0.820192218,6.094,9487,2967.33
4308,497.44,100,3.06,0.746518106,6.094,9510,2485.54
3823,498.13,100,1.251,0.577556892,6.094,9592,3206.86
3205,499.33,100,1.401,0.605928237,6.094,10081,3412.56
10081,501.74,100,1.417,0.905465728,6.094,10300,4562.25
4105,502.93,100,3.034,0.724969549,6.094,9510,2393.21
3785.1,503.82,100,3.259,0.807481969,6.094,9900,2884.62
2781,506.33,132,1.351,0.498022294,6.094,9937,3132.97
3413,507.2,100,1.474,0.611778494,6.094,9684,3266.26
3401,507.42,100,1.335,0.608938547,6.094,10081,3446.73
2966,508.06,100,1.353,0.585974376,6.094,9638,3209.58
4388,508.85,100,2.485,0.820419325,6.094,9487,3005.24
4743,511.84,188,1.433,0.574530888,6.094,9897,3159.74
3797.6,512.35,100,3.344,0.809353276,6.094,9900,2908.8
4016,514.38,100,1.225,0.580926295,6.094,9592,3249.48
2870,516.5,131,1.442,0.501393728,6.094,9937,3161.71
4168,518.3,100,2.916,0.737044146,6.094,9510,2436.18
4514,522.01,100,3.28,0.818785999,6.094,9487,3047.67
3942,522.09,100,3.25,0.807711821,6.094,9900,2934.8
3496,522.18,100,1.469,0.612414188,6.094,9684,3305.62
3459,523.6,100,1.271,0.610581093,6.094,10081,3502.21
3016,524.28,100,1.391,0.589522546,6.094,9638,3251.5
6392,528.18,229,2.175,0.807259074,6.094,10282,4084.11
10618,528.92,100,1.397,0.904972688,6.094,10300,4605.04
2969,530.57,130,1.446,0.515661839,6.094,9937,3196.83
4847,531.56,187,1.409,0.570249639,6.094,9897,3216.05
3953.8,531.74,100,3.271,0.807324599,6.094,9900,2962.15
3998,531.97,100,1.232,0.585292646,6.094,9592,3299.06
4627,536.85,100,2.738,0.819537497,6.094,9487,3090.72
4034.4,540.84,100,3.271,0.808025977,6.094,9900,2989.48
3541,541.57,100,1.474,0.611409206,6.094,9684,3350.73
3116,543.82,100,1.35,0.593068036,6.094,9638,3291.45
3493,544.24,100,1.297,0.610363584,6.094,10081,3554.91
3114,544.86,129,1.456,0.517983301,6.094,9937,3240.9
4031.3,551.85,100,3.374,0.809044229,6.094,9900,3019.44
4140,552.5,100,1.26,0.585990338,6.094,9592,3348.49
5105,552.6,186,1.397,0.571204701,6.094,9897,3277.57
4849,552.87,100,2.8,0.821612704,6.094,9487,3137.71
4719,559.93,100,2.726,0.74761602,6.094,9510,2602.31
11300,561,100,1.335,0.906283186,6.094,10300,4654.6
3264,561.87,128,1.413,0.518995098,6.094,9937,3295.11
3520,562.72,100,1.267,0.609659091,6.094,10081,3594.71
4346.6,562.79,100,3.173,0.808217917,6.094,9900,3049.31
3356,564.48,100,1.317,0.592371871,6.094,9638,3338.66
3404,568.87,100,1.499,0.617802585,6.094,9684,3447.53
4937,570.29,100,2.672,0.811829046,6.094,9487,3191.02
4461.8,572.09,100,3.085,0.805056255,6.094,9900,3082.1
4221,575.49,100,1.275,0.583511016,6.094,9592,3409.05
3599,577.79,100,1.333,0.617115866,6.094,10081,3623.58
5196,582.83,185,1.388,0.571593533,6.094,9897,3368.17
3448,583.65,127,1.386,0.512470998,6.094,9937,3357.52
3167,586.91,100,1.506,0.59898958,6.094,9638,3387.86
4143.2,587.69,100,3.311,0.805898822,6.094,9900,3115.24
5181,589.47,100,3.05,0.815286624,6.094,9487,3244.41
1385,591.45,100,1.365,0.615884477,6.094,9684,3436.88
3581,591.66,100,1.424,0.615749791,6.094,9684,3493.56
11855,592.29,100,1.39,0.9056938,6.094,10300,4708.53
4894,594.69,100,2.59,0.750306498,6.094,9510,2673.42
3716,595.9,100,1.329,0.623250807,6.094,10081,3668.56
4588,600.4,100,3.091,0.806451613,6.094,9900,3149.19
4576,602.83,100,1.201,0.581949301,6.094,9592,3476.34
5399,610.04,100,3.216,0.817929246,6.094,9487,3301.88
3486,610.99,100,1.402,0.605851979,6.094,9638,3442.7
3663,613.93,100,1.268,0.608517609,6.094,9684,3550.3
3621,613.94,126,1.374,0.518088926,6.094,9937,3437.96
4454.3,614.15,100,3.299,0.807848596,6.094,9900,3185.19
3869,614.86,100,1.332,0.625484621,6.094,10081,3709.33
5129,618.92,100,2.924,0.748683954,6.094,9510,2738
5297,620.12,184,1.374,0.573343402,6.094,9897,3470.22
4600.1,628.83,100,3.25,0.807178105,6.094,9900,3223.39
5625,634.5,100,3.076,0.8192,6.094,9487,3363.32
4117,634.99,100,1.248,0.626184115,6.094,10081,3753.19
3624,636.96,100,1.5,0.609271523,6.094,9638,3503.08
4503,640.23,100,1.146,0.556295803,6.094,9592,3570.02
3733,644.9,125,1.353,0.536833646,6.094,9937,3507.73
4602.5,645.02,100,3.328,0.807604563,6.094,9900,3263.04
5466,648.07,100,2.958,0.75521405,6.094,9510,2822.97
12694,653.66,100,1.378,0.904994486,6.094,10300,4774.83
3463,658.53,100,1.466,0.60034652,6.094,9684,3683.54
4091,660.28,100,1.307,0.626986067,6.094,10081,3804.13
4004,660.48,100,1.403,0.620879121,6.094,9684,3648.55
5914,660.84,100,3.112,0.819749746,6.094,9487,3432.34
4588.7,661.06,100,3.445,0.807941247,6.094,9900,3304.6
5388,661.33,183,1.328,0.576651819,6.094,9897,3573.72
7229,662.86,228,1.344,0.81339051,6.094,10282,4452.483
3785,665.85,100,1.396,0.608718626,6.094,9638,3566.55
5393,670.94,100,3.609,0.805488596,6.094,9900,3493.37
3816,675.23,124,1.402,0.55057652,6.094,9937,3587.37
5707,678.3,100,3.038,0.752759769,6.094,9510,2914.83
5015.2,678.73,100,3.328,0.807744457,6.094,9900,3347.94
3849,684.71,100,1.471,0.623538581,6.094,9684,3714.57
4561,688.27,100,1.195,0.559087919,6.094,9592,3661.87
6283,692.5,100,3.132,0.821263728,6.094,9487,3508.12
4058,696.83,100,1.324,0.616559882,6.094,9638,3634.37
5077.1,698.24,100,3.354,0.806956727,6.094,9900,3394.03
4075,702.3,100,1.311,0.633128834,6.094,10081,3907.71
5489,704.52,182,1.349,0.580433594,6.094,9897,3678.1
4142,706.69,100,1.448,0.625060357,6.094,9684,3758.62
3917,711.03,123,1.375,0.558846056,6.094,9937,3685.07
5877,713.14,100,3.106,0.751403777,6.094,9510,3011.13
5241,717.21,100,2.922,0.801373784,6.094,9900,3441.44
13789,719.59,100,1.431,0.905721952,6.094,10300,4867.95
4188,729.45,100,1.474,0.626313276,6.094,9684,3803.58
6652,731.76,100,2.904,0.822609741,6.094,9487,3595.9
4341,732.14,100,1.337,0.619672886,6.094,9638,3707.02
4145,741.08,100,1.293,0.63305187,6.094,10081,3975.27
5632,748.59,181,1.313,0.576526989,6.094,9897,3787.01
5546,748.84,100,2.909,0.804904436,6.094,9900,3547.47
4141,751.2,122,1.275,0.550833132,6.094,9937,3762.1
4245,754.04,100,1.422,0.617903416,6.094,9684,3855.75
6203,755.74,100,2.928,0.750604546,6.094,9510,3125.36
4239,766.09,100,1.281,0.628450106,6.094,10081,4025.9
4580,774.04,100,1.328,0.613100437,6.094,9638,3791.5
4687,781.67,100,1.379,0.622573074,6.094,9684,3908.93
5799,782.6,100,3.038,0.802897051,6.094,9900,3591.86
3509,783.57,100,1.481,0.60045597,6.094,9592,3886.25
4374,790.79,100,1.276,0.630772748,6.094,10081,4079.14
6784,791.84,100,3.176,0.820754717,6.094,9487,3716.4
5959,798.48,180,1.213,0.566705823,6.094,9897,3877.81
4113,803.38,121,1.325,0.556041819,6.094,9937,3895.11
14617,814.33,100,1.404,0.905863036,6.094,10300,4990.59
6322,814.74,100,2.944,0.744068333,6.094,9510,3280.82
5466,814.84,100,3.407,0.777899744,6.094,9900,3662.65
4473,815,100,1.588,0.628660854,6.094,9684,3967.49
4498,820.03,100,1.282,0.633392619,6.094,10081,4138.27
4822,824.71,100,1.275,0.61219411,6.094,9638,3890.65
7360,832.46,227,1.557,0.815217391,6.094,10282,4915.823
4702,851.66,100,1.181,0.638026372,6.094,10081,4195.46
3796,852.47,100,1.457,0.616965227,6.094,9684,3606.33
4930,855.08,100,1.449,0.627991886,6.094,9684,4033.33
6477,855.27,100,3.251,0.804075961,6.094,9900,3740.92
5842,863.83,179,1.199,0.568127354,6.094,9897,4043.56
6757,870.28,100,3.098,0.824034335,6.094,9487,3874.07
4000,872.1,120,1.389,0.56825,6.094,9937,4043.59
3657,875.13,100,1.29,0.590374624,6.094,9592,4018.99
4977,886.88,100,1.181,0.636327105,6.094,10081,4262.51
6572,897.57,100,2.887,0.744978698,6.094,9510,3484.02
15148,899.27,100,1.422,0.904475838,6.094,10300,5121.59
5060,899.79,100,1.317,0.640909091,6.094,9638,4056.96
6822,900.78,100,3.23,0.802110818,6.094,9900,3831.5
4948,913.64,100,1.363,0.64025869,6.094,9684,4149.87
3805,914.78,100,1.23,0.577923784,6.094,9592,4067.13
5230,925.95,100,1.061,0.633269598,6.094,10081,4340.66
3901,945.41,100,1.212,0.573442707,6.094,9592,4116.7
4594,951.77,119,0.947,0.499782325,6.094,9937,4196.2
5558,952.78,178,1.693,0.578985246,6.094,9897,4209
7069,955.97,100,3.213,0.82501061,6.094,9487,4026.13
7081,964.75,100,3.142,0.799887022,6.094,9900,3940.27
5608,975.3,100,1.265,0.64978602,6.094,10081,4430.87
3967,979.4,100,1.227,0.575749937,6.094,9592,4170.8
4542,988.12,100,1.398,0.628797886,6.094,9684,4301.75
4759,999.47,100,1.325,0.633536457,6.094,9638,4243.7
6936,1004.93,100,2.293,0.750865052,6.094,9510,3726.19
4142,1005.09,118,1.27,0.589328827,6.094,9937,4276.63
4168,1015.74,100,0.588,0.581573896,6.094,9592,4227.62
6942,1020.65,100,3.036,0.826274849,6.094,9487,4129.28
15148,1029.1,100,1.418,0.904475838,6.094,10300,5274.39
4360,1043.03,117,1.42,0.619724771,6.094,9937,4362.6
7122,1043.18,100,3.147,0.802021904,6.094,9900,4087
5389,1047.85,177,1.155,0.590090926,6.094,9897,4366.69
4809,1049.07,100,1.319,0.637762529,6.094,9684,4367.68
4414,1056.03,100,1.209,0.592886271,6.094,9592,4289.13
5202,1059.32,100,1.206,0.641291811,6.094,10081,4606.62
4689,1089.84,116,1.313,0.629771806,6.094,9937,4469.85
7046,1094.48,100,2.078,0.74936134,6.094,9510,3896.07
4567,1097.67,100,0.596,0.593825268,6.094,9592,4353.43
5011,1098.32,100,1.356,0.639592896,6.094,9684,4438.83
5472,1104.48,176,1.164,0.59996345,6.094,9897,4440.93
7039,1108.37,100,2.915,0.828526779,6.094,9487,4276.09
4522,1109.35,100,1.323,0.642857143,6.094,9638,4423.98
7079,1135.84,100,3.134,0.80011301,6.094,9900,4238.6
5466,1137.25,100,1.224,0.654226125,6.094,10081,4687.53
5090,1141.78,100,1.21,0.621021611,6.094,9592,4422.74
5533,1146.89,175,1.315,0.62317007,6.094,9897,4531
5179,1148,100,1.337,0.634871597,6.094,9684,4524.89
4779,1159.01,115,1.357,0.649508265,6.094,9937,4627.57
7080,1179.83,100,2.087,0.759322034,6.094,9510,4043.44
5364,1186.01,100,1.212,0.639821029,6.094,9592,4495.54
4838,1187.41,100,1.296,0.649648615,6.094,9638,4511.48
5688,1192.5,100,1.19,0.658227848,6.094,10081,4777.81
5712,1194.44,174,1.255,0.631302521,6.094,9897,4622.6
6978,1202.23,100,3.445,0.839208942,6.094,9487,4434.82
5354,1211.79,100,1.293,0.632050803,6.094,9684,4618.76
7239,1229.55,100,3.149,0.799005387,6.094,9900,4371.06
6117,1236.5,100,1.085,0.666993624,6.094,9592,4575.96
4799,1244.97,114,1.376,0.662012919,6.094,9937,4793.34
5114,1246.97,100,1.303,0.65760657,6.094,9638,4609.18
6187,1251.29,100,1.226,0.667528689,6.094,10081,4878.18
5739,1258.85,173,1.216,0.627112737,6.094,9897,4761.44
15807,1262.07,100,1.525,0.913392801,6.094,10300,5464.17
6474,1293.04,100,1.119,0.682113068,6.094,9592,4665.4
6962,1295.39,100,2.673,0.758402758,6.094,9510,4275.9
5076,1302.46,100,1.308,0.640661939,6.094,9684,4777.25
6989,1309.39,100,3.235,0.83431106,6.094,9487,4591.56
5492,1317.11,100,1.175,0.656773489,6.094,9638,4717.71
7728,1321.66,100,2.832,0.807453416,6.094,9900,4496.64
6450,1326.97,100,1.253,0.677364341,6.094,10081,5000.11
5598,1344.7,172,1.231,0.648267238,6.094,9897,4915.35
4727,1345.56,113,1.356,0.680135392,6.094,9937,4964.35
7013,1351.24,100,1.161,0.691715386,6.094,9592,4763.76
7528,1390.91,100,3.184,0.80021254,6.094,9900,4598.49
5652,1398.04,100,1.502,0.663481953,6.094,9638,4844
4815,1408,100,1.287,0.639875389,6.094,9684,4925.1
7196,1408.77,100,2.48,0.763757643,6.094,9510,4450.76
7084,1412.89,100,2.546,0.826651609,6.094,9487,4766.56
4637,1427.26,112,1.403,0.695277119,6.094,9937,5130.15
6869,1429.18,100,1.179,0.690056777,6.094,9592,4887.58
5416,1439.72,171,1.189,0.659711965,6.094,9897,5064.69
6450,1446.03,100,1.198,0.682790698,6.094,10081,5180.72
7255,1487.23,100,4.812,0.833631978,6.094,9900,4746.59
5661,1495,100,1.298,0.665606783,6.094,9638,4995.37
7192,1506.77,100,2.576,0.763904338,6.094,9510,4619.72
4489,1507.35,100,1.265,0.646691914,6.094,9684,5059.61
5174,1509.34,170,1.247,0.669308079,6.094,9897,5225.03
7037,1510.45,100,2.508,0.825351712,6.094,9487,4906.91
6559,1551.19,100,1.261,0.688672054,6.094,10081,5310.55
6269,1564.49,100,1.144,0.69851651,6.094,9592,5096.74
4727,1577.74,100,1.257,0.656441718,6.094,9684,5128.06
8210,1588.45,100,2.749,0.800974421,6.094,9900,4850.55
15114,1600.16,100,1.412,0.90115125,6.094,10300,5876.01
7327,1602.83,100,2.327,0.838542378,6.094,9487,5050.04
7202,1616.14,100,2.163,0.766453763,6.094,9510,4798.76
6178,1622.04,100,0.927,0.655228229,6.094,9638,5192.69
4903,1631.82,100,1.239,0.659392209,6.094,9684,5202.71
6571,1652.85,100,1.132,0.705676457,6.094,9592,5178.5
5250,1691.89,100,1.25,0.684,6.094,9684,5289
7238,1698.43,100,0.907,0.711246201,6.094,10081,5533.6
6420,1706.51,100,3.931,0.889719626,6.094,9487,5275.93
6833,1713.41,100,1.114,0.704961218,6.094,9592,5266.96
7922,1723.63,100,2.318,0.817975259,6.094,9900,5124.53
7383,1735.88,100,2.901,0.770418529,6.094,9510,4993.41
5680,1755.79,100,0.975,0.697359155,6.094,9684,5371.34
7057,1777.94,100,1.111,0.708374663,6.094,9592,5362.13
7043,1797.62,100,2.959,0.862132614,6.094,9487,5292.12
14422,1801.49,100,1.432,0.901955346,6.094,10300,6094.09
7756,1808.32,100,0.9,0.689014956,6.094,10081,5631.97
6589,1809.45,100,1.023,0.655638185,6.094,9638,5442.13
5837,1824.42,100,1.249,0.702586945,6.094,9684,5462.9
6957,1827.05,100,3.041,0.872789996,6.094,9487,5447.11
7292,1854.98,100,1.103,0.713795941,6.094,9592,5474.02
7215,1874.27,100,3.189,0.804989605,6.094,9900,5247.01
6057,1901.88,100,0.849,0.615981509,6.094,10081,5761.64
6151,1904.91,100,1.296,0.71874492,6.094,9684,5574.97
7477,1931.59,100,3.134,0.805670724,6.094,9900,5370.79
6370,1937.34,100,2.825,0.881632653,6.094,9487,5619.73
6004,1939.93,100,3.354,0.831445703,6.094,9510,5350.73
7660,1944.13,100,1.075,0.719843342,6.094,9592,5606.26
6400,1982.34,100,0.823,0.63,6.094,10081,5863.13
6294,2001.34,100,1.258,0.720686368,6.094,9684,5706.15
13728,2002.27,100,1.469,0.90034965,6.094,10300,6292.18
7240,2022.7,100,2.868,0.805524862,6.094,9900,5535.51
5658,2029.69,100,3.217,0.895015907,6.094,9487,5779.14
7737,2053.26,100,1.087,0.731678945,6.094,9592,5756.71
6668,2060.35,100,0.799,0.642771446,6.094,10081,5979.13
5731,2080.36,100,3.21,0.904554179,6.094,9487,5878.37
6818,2109.3,100,2.547,0.816661778,6.094,9510,5552.69
6785,2118.38,100,2.257,0.79587325,6.094,9510,5378.74
5555,2126.96,100,3.465,0.924572457,6.094,9487,6006.26
6983,2131.86,100,2.09,0.811685522,6.094,9900,5687.87
6564,2155.19,100,0.831,0.6515844,6.094,10081,6113.27
13512,2172.81,100,1.355,0.902309059,6.094,10300,6475.63
5880,2175.12,100,2.933,0.926530612,6.094,9487,6113.67
7036,2188.19,100,2.738,0.839113132,6.094,9510,5716.49
6199,2211.95,100,1.16,0.773673173,6.094,9592,6001.43
7034,2225.43,100,2.508,0.815467728,6.094,9900,5814.31
4450,2243.82,100,4.315,0.96,6.094,9487,6286.75
7296,2262.83,100,3.174,0.861842105,6.094,9510,5873.79
5524,2292.1,100,0.819,0.680123099,6.094,10081,6312.61
6802,2299.7,100,3.974,0.875036754,6.094,9900,5947.06
4764,2320.97,100,2.798,0.947103275,6.094,9487,6367.37
6479,2329.75,100,1.211,0.802901682,6.094,9592,6110.21
6133,2331.54,100,2.585,0.857003098,6.094,9510,6084.62
13656,2332.62,100,1.398,0.896309315,6.094,10300,6651.01
7162,2337.98,100,2.448,0.841105836,6.094,9900,5982.47
7256,2370.44,100,2.631,0.850055127,6.094,9900,6073.87
4573,2387.26,100,3.389,0.965668052,6.094,9487,6511
5943,2390.43,100,0.824,0.719501935,6.094,10081,6407.53
6584,2400.56,100,1.146,0.813487242,6.094,9592,6220.41
7367,2421.81,100,3.418,0.869824895,6.094,9900,6177.78
6176,2446.08,100,0.754,0.732512953,6.094,10081,6512.37
5869,2461.43,100,2.394,0.866927926,6.094,9510,6245.82
7271,2476.09,100,3.146,0.907715582,6.094,9900,6295.94
6315,2477.44,100,1.093,0.833254157,6.094,9592,6391.54
12738,2501.12,100,1.343,0.898963731,6.094,10300,6807.47
6156,2505.54,100,0.774,0.76137102,6.094,10081,6632.25
6447,2512.27,100,3.146,0.908329456,6.094,9900,6410.48
7482,2533.04,100,2.822,0.92702486,6.094,9900,6511.87
6374,2543.63,100,2.394,0.881079385,6.094,9510,6375.57
7083,2573.89,100,3.189,0.938585345,6.094,9900,6647.35
5151,2600.76,100,0.859,0.796932634,6.094,10081,6786.77
5903,2602.58,100,0.876,0.866169744,6.094,9592,6599.84
12569,2604.24,100,1.383,0.894184104,6.094,10300,6928.39
4786,2633.28,100,1.976,0.887588801,6.094,9510,6572.78
4891,2670.57,100,3.057,0.942138622,6.094,9900,6846.56
3511,2716.38,100,0.559,0.911421248,6.094,9592,6819.71
4534,2733.03,100,3.653,0.958094398,6.094,9900,6928.91
4130,2755.78,100,1.38,0.894915254,6.094,9510,6731.53
10475,2772.47,100,2.243,0.893365155,6.094,10300,7076.3
4413,2773.63,100,3.321,0.962610469,6.094,9900,6994.13
4127,2845.85,100,2.285,0.919311849,6.094,9510,6838.58
8532,2971.59,100,1.592,0.897562119,6.094,10300,7262.15
8176,3116.25,100,1.414,0.898483366,6.094,10300,7451.32
8041,3158.06,100,1.462,0.901256063,6.094,10300,7495.07
7992,3215.34,100,1.424,0.903903904,6.094,10300,7554.86
8112,3282.8,100,1.4,0.902366864,6.094,10300,7629.55
7259,3367.73,100,1.567,0.916379667,6.094,10300,7715.6
6216,3449.07,100,1.474,0.926640927,6.094,10300,7829.35
7248,3488.95,100,1.859,0.940397351,6.094,10300,7900.82
2521,189.2,240,1.849,0.808409361,6.094,10282,2970.132
2368,187.12,241,1.976,0.809121622,6.094,10282,2957.65
2216,181.64,242,1.979,0.809115523,6.094,10282,2940.044
2182,173.18,243,1.807,0.810265811,6.094,10282,2958.886
1961,69.85,244,2.083,0.821009689,6.094,10282,2922.069
3551,3285.39,251,24.8,0.995775838,6.094,10041,7785.876
5621,3076.69,252,13.295,0.989147838,6.094,10041,7558.94
6303,2952.62,253,9.254,0.99000476,6.094,10041,7390.544
6275,2850.27,254,17.314,0.994422311,6.094,10041,7272.818
6585,2760.31,255,7.069,0.984510251,6.094,10041,7158.931
7030,2677.42,256,2.668,0.952062589,6.094,10041,7054.814
7287,2598.13,257,2.144,0.94195142,6.094,10041,6963.65
7344,2513.32,258,2.215,0.937908497,6.094,10041,6876.548
7933,2359.81,259,2.141,0.925753183,6.094,10041,6726.339
7224,2239.97,260,1.896,0.913621262,6.094,10041,6590.427
8681,2065.14,261,2.55,0.934454556,6.094,10041,6403.532
8525,1941.93,262,2.796,0.940293255,6.094,10041,6251.568
8384,1844.05,263,3.139,0.941793893,6.094,10041,6133.257
8395,1601.39,265,2.819,0.920547945,6.094,10041,5858.266
8492,1506.52,266,2.61,0.915685351,6.094,10041,5738.415
7690,1432.36,267,2.237,0.915084525,6.094,10041,5653.02
7644,1347.1,268,2.484,0.916797488,6.094,10041,5566.343
6815,1299.58,269,1.48,0.915627293,6.094,10041,5422.488
7428,1193.05,270,2.351,0.917878298,6.094,10041,5357.343
7430,1155.23,271,2.279,0.914131898,6.094,10041,5293.029
7415,1143.23,272,2.791,0.919217802,6.094,10041,5312.151
7247,1112.66,273,2.511,0.920656824,6.094,10041,5239.832
7176,1084.71,274,2.754,0.923076923,6.094,10041,5198.552
6960,1053.03,275,2.616,0.920689655,6.094,10041,5159.046
6770,1014.5,276,2.426,0.921713442,6.094,10041,5104.42
6440,981.81,277,2.711,0.920496894,6.094,10041,5061.972
5760,953.56,278,2.644,0.916666667,6.094,10041,5021.848
5159,924.91,279,2.565,0.909090909,6.094,10041,4985.144
5160,897.87,280,2.468,0.90755814,6.094,10041,4948.532
5059,873.33,281,2.471,0.907689267,6.094,10041,4914.878
4892,850.25,282,2.536,0.908421913,6.094,10041,4883.218
4688,828.53,283,2.573,0.907636519,6.094,10041,4853.427
4438.4,807.23,284,2.718,0.909111391,6.094,10041,4824.198
4656.3,776.15,285,2.52,0.906578184,6.094,10041,4783.648
4679.1,746.86,286,2.551,0.905622876,6.094,10041,4732.873
4582.2,725.92,287,2.578,0.907620794,6.094,10041,4703.125
4451.9,708.76,288,2.636,0.908937757,6.094,10041,4679.136
4349,692.61,289,2.633,0.908944585,6.094,10041,4655.279
4348,662.43,291,2.516,0.908233671,6.094,10041,4609.19
4079,649.98,292,2.708,0.910272126,6.094,10041,4587.929
3962,636.95,293,2.805,0.911913175,6.094,10041,4566.593
3831,626.49,294,2.737,0.906812843,6.094,10041,4547.623
3876,610.99,295,2.64,0.906862745,6.094,10041,4527.99
3812,600.75,296,2.672,0.908709339,6.094,10041,4510.261
3659,586.07,297,2.891,0.912544411,6.094,10041,4493.322
3681,562.51,298,2.968,0.915783754,6.094,10041,4433.323
3566,545.14,299,3.103,0.915311273,6.094,10041,4412.188
3664,532.73,300,1.898,0.868995633,6.094,10041,4394.321
3636,521.8,301,1.881,0.868811881,6.094,10041,4376.74
3589,509.59,302,1.869,0.867651156,6.094,10041,4359.929
3658,487.96,303,1.927,0.865773647,6.094,10041,4307.825
3733,465.18,304,1.88,0.86364854,6.094,10041,4263.338
3925,429.4,305,1.865,0.862165605,6.094,10041,4184.474
4323,377.04,306,2.048,0.865139949,6.094,10041,4056.913
4230,349.23,307,1.895,0.862647754,6.094,10041,4019.861
4132,332.72,308,1.886,0.86447241,6.094,10041,3986.514
4097,319.72,309,1.87,0.865267269,6.094,10041,3956.279
3932,307.88,310,1.909,0.865462869,6.094,10041,3930.239
3867,298.92,311,1.932,0.867339022,6.094,10041,3909.406
3730,293,312,1.895,0.866756032,6.094,10041,3906.987
3743,287.87,313,1.865,0.866951643,6.094,10041,3889.845
3782,276.53,314,1.884,0.863035431,6.094,10041,3838.884
3656,267.61,315,1.879,0.86487965,6.094,10041,3833.92
3560,262.68,316,1.911,0.86488764,6.094,10041,3819.094
3525,257.55,317,1.68,0.865248227,6.094,10041,3806.377
3419,253.82,318,1.653,0.865165253,6.094,10041,3794.563
3396,251.51,319,1.621,0.863368669,6.094,10041,3782.896
7433,2032.78,323,0.999,0.790125118,6.094,9972,6459.42
7124,1931.67,324,1.017,0.778354857,6.094,9972,6412.01
8501,1777.11,325,1.136,0.766850959,6.094,9972,6370.77
8561,1670.78,326,0.94,0.761359654,6.094,9972,6272.99
8480,1550.81,327,1.033,0.747877358,6.094,9972,6040.85
7765,1293.16,330,1.018,0.726851256,6.094,9972,5610.22
7361,1240.24,331,1.075,0.72272789,6.094,9972,5490.75
6963,1233.69,332,1.084,0.717075973,6.094,9972,5378.79
7565,711.56,336,1.265,0.707732981,6.094,9972,4954.57
7740,649.28,337,1.236,0.706589147,6.094,9972,4837.7
7462,612.14,338,1.271,0.709059233,6.094,9972,4719.29
7053,574.98,339,1.266,0.698993336,6.094,9972,4617.03
6640,541.77,340,1.292,0.695180723,6.094,9972,4517.5
6393,510.75,341,1.306,0.692319725,6.094,9972,4411.81
6099,483.45,342,1.311,0.688637482,6.094,9972,4325.62
6426,459.46,343,1.309,0.71599751,6.094,9972,4250.38
5434,431.54,344,1.32,0.681634155,6.094,9972,4179.41
5414,406.58,345,1.326,0.686922793,6.094,9972,4124.34
5300,385.93,346,1.28,0.671698113,6.094,9972,4057.44
5124,371.96,347,1.278,0.667447307,6.094,9972,4008.01
4866,359.42,348,1.3,0.670571311,6.094,9972,3965.58
4680,346.73,349,1.289,0.669871795,6.094,9972,3915.11
4311,335.27,350,1.375,0.66829042,6.094,9972,3877.99
1919,197.77,463,1.823,0.613861386,6.094,9892,2147.491
2884,259.61,459,2.519,0.608183079,6.094,9892,1886.649
2289,263.07,562,1.649,0.512887724,6.094,10268,2389.4
2048,263.11,563,1.807,0.508300781,6.094,10268,2388.25
2200,265.45,561,1.821,0.513636364,6.094,10268,2384.07
2142,266.49,564,1.74,0.506069094,6.094,10268,2364.64
2363,279.78,558,1.922,0.536182818,6.094,10268,2376.27
2526,286.13,557,1.779,0.528899446,6.094,10268,2378.18
2435,290.34,556,1.913,0.540041068,6.094,10268,2382.3
1939,292.08,462,1.868,0.610624033,6.094,9892,2127.127
2674,294.08,555,1.76,0.537771129,6.094,10268,2393.5
2339,296.83,554,2.019,0.536981616,6.094,10268,2396.86
2498,300.05,553,1.939,0.540432346,6.094,10268,2400.45
1946,302.86,461,2,0.613052415,6.094,9892,2096.398
2834,303.84,552,1.798,0.551870148,6.094,10268,2403.5
2711,307.37,551,1.894,0.551457027,6.094,10268,2411.35
2826,310.5,550,1.838,0.551309271,6.094,10268,2422.62
2568,313.57,549,2.07,0.55334891,6.094,10268,2426.95
2026,317.07,460,2.369,0.609081935,6.094,9892,2021.95
3161,317.52,548,1.601,0.55298956,6.094,10268,2453.69
2818,320.08,547,1.874,0.553584102,6.094,10268,2447.8
2819,323.59,546,1.882,0.555161405,6.094,10268,2454.91
2965,326.9,545,1.818,0.554806071,6.094,10268,2463.63
3011,330.42,544,1.808,0.554965128,6.094,10268,2471.44
3000,336.16,543,1.826,0.554666667,6.094,10268,2479.05
3116,340.85,542,1.792,0.555198973,6.094,10268,2488.17
3053,345.63,541,1.853,0.555519161,6.094,10268,2497.76
3062,350.98,540,1.869,0.554539517,6.094,10268,2504.53
3175,355.67,539,1.84,0.555905512,6.094,10268,2515.67
2166,358.79,565,1.777,0.500461681,6.094,10268,2361.78
3138,360.74,538,1.886,0.556086679,6.094,10268,2525.34
3391,365.88,537,1.789,0.556767915,6.094,10268,2536.77
3243,370.71,536,1.878,0.556891767,6.094,10268,2547.8
3235,375.7,535,1.906,0.557650696,6.094,10268,2561
3648,380.69,534,1.746,0.558388158,6.094,10268,2572.43
2930,386.36,458,2.522,0.607167235,6.094,9892,1897.298
3413,386.53,533,1.835,0.559624963,6.094,10268,2585.2
3579,392.21,532,1.782,0.561050573,6.094,10268,2599.1
2992,392.88,457,2.521,0.606951872,6.094,9892,1906.096
3612,399.04,531,1.813,0.560908084,6.094,10268,2614.34
3015,399.65,456,1.933,0.606301824,6.094,9892,1921.516
2821,403.91,455,2.683,0.600850762,6.094,9892,1938.354
3684,405.87,530,1.777,0.559717698,6.094,10268,2632.88
3635,412.37,529,1.809,0.559009629,6.094,10268,2650.41
2953,414.08,454,2.679,0.600406366,6.094,9892,1945.462
3752,419.24,528,1.8,0.560234542,6.094,10268,2668.05
3326,420.84,453,2.429,0.602826218,6.094,9892,1959.523
3777,425.93,527,1.799,0.56049775,6.094,10268,2683.84
3697,430.94,452,2.213,0.598593454,6.094,9892,1976.791
3969,433.24,526,1.751,0.562358277,6.094,10268,2700.64
3306,439.06,451,2.568,0.603145796,6.094,9892,1993.913
4140,440.8,525,1.768,0.575120773,6.094,10268,2720.29
3317,447.36,450,2.573,0.600542659,6.094,9892,2016.637
4153,448.14,524,1.753,0.565856008,6.094,10268,2741.1
3403,451.91,449,2.552,0.599764913,6.094,9892,2035.842
3413,461.47,448,2.637,0.603867565,6.094,9892,2056.768
4150,463.93,522,1.81,0.566024096,6.094,10268,2785.77
4452,471.49,521,1.684,0.563342318,6.094,10268,2811.44
3540,473.03,447,2.627,0.609039548,6.094,9892,2081.735
3699,480.87,446,2.608,0.609894566,6.094,9892,2110.8
4565,481.04,520,1.614,0.563855422,6.094,10268,2834.95
4527,492.51,519,1.697,0.580958692,6.094,10268,2869.29
4623,500.64,518,1.701,0.565217391,6.094,10268,2887.15
4601,509.93,517,1.718,0.564877201,6.094,10268,2918.67
4758,521.48,516,1.766,0.565363598,6.094,10268,2950.05
4852,534.72,515,1.734,0.564921682,6.094,10268,2985.65
4992,549.19,514,1.615,0.563301282,6.094,10268,3029.55
4959,569.03,513,1.674,0.57108288,6.094,10268,3095.74
4631,646.87,509,1.694,0.569423451,6.094,10268,3281.58
4706,659.16,508,1.695,0.570123247,6.094,10268,3312.07
4465,672.33,507,1.839,0.570660694,6.094,10268,3343.74
7228,762.69,487,1.69,0.631433315,6.094,10268,4327.14
5060,775.13,501,1.948,0.592885375,6.094,10268,3576.22
7392,801.75,486,1.695,0.61038961,6.094,10268,4379.77
5055,808.15,499,1.917,0.586152324,6.094,10268,3649.84
5598,826.21,498,1.743,0.587709896,6.094,10268,3689.5
6648,839.59,489,1.723,0.613718412,6.094,10268,4194.45
5743,845.38,497,1.697,0.587671948,6.094,10268,3730.42
7704,845.86,485,1.692,0.61682243,6.094,10268,4457.06
5952,865.05,496,1.687,0.589549731,6.094,10268,3773.86
5793,887.1,495,1.764,0.594855861,6.094,10268,3819.59
8208,895.37,484,1.655,0.616959064,6.094,10268,4546.46
6154,909.12,494,1.686,0.590997725,6.094,10268,3869
6313,937.56,493,1.693,0.592428323,6.094,10268,3922.46
8424,953.92,483,1.639,0.621082621,6.094,10268,4655.42
6580,968.33,492,1.661,0.598176292,6.094,10268,3984.28
6264,1008.25,491,1.699,0.605363985,6.094,10268,4084.06
8904,1034.35,482,1.651,0.633423181,6.094,10268,4790.37
6456,1043.74,490,1.705,0.609665428,6.094,10268,4136.91
7896,1149.98,481,1.642,0.626139818,6.094,10268,4930.45
8784,1296.87,480,1.577,0.62568306,6.094,10268,5038.06
